哲学,顾问
哲学,教育
逻辑学,顾问
逻辑学,教育
宗教学,顾问
宗教学,教育
伦理学,顾问
伦理学,教育
经济学,运营
经济学,金融
经济学,银行
经济学,保险
经济学,市场
经济学,销售
经济统计学,运营
经济统计学,金融
经济统计学,银行
经济统计学,保险
经济统计学,市场
经济统计学,销售
国民经济管理,运营
国民经济管理,金融
国民经济管理,银行
国民经济管理,保险
国民经济管理,市场
国民经济管理,销售
资源与环境经济学,运营
资源与环境经济学,金融
资源与环境经济学,银行
资源与环境经济学,保险
资源与环境经济学,市场
资源与环境经济学,销售
商务经济学,运营
商务经济学,金融
商务经济学,银行
商务经济学,保险
商务经济学,市场
商务经济学,销售
能源经济,运营
能源经济,金融
能源经济,银行
能源经济,保险
能源经济,市场
能源经济,销售
劳动经济学,运营
劳动经济学,金融
劳动经济学,银行
劳动经济学,保险
劳动经济学,市场
劳动经济学,销售
经济工程,运营
经济工程,金融
经济工程,银行
经济工程,保险
经济工程,市场
经济工程,销售
财政学,保险
财政学,银行
财政学,金融
税收学,保险
税收学,银行
税收学,金融
金融学,金融
金融学,银行
金融学,保险
金融学,会计
金融工程,金融
金融工程,银行
金融工程,保险
金融工程,会计
保险学,金融
保险学,银行
保险学,保险
保险学,会计
投资学,金融
投资学,银行
投资学,保险
投资学,会计
金融数学,金融
金融数学,银行
金融数学,保险
金融数学,会计
信用管理,金融
信用管理,银行
信用管理,保险
信用管理,会计
经济与金融,金融
经济与金融,银行
经济与金融,保险
经济与金融,会计
精算学,金融
精算学,银行
精算学,保险
精算学,会计
互联网金融,金融
互联网金融,银行
互联网金融,保险
互联网金融,会计
法学,法律
法学,顾问
法学,培训
法学,行政
知识产权,法律
知识产权,顾问
知识产权,培训
知识产权,行政
监狱学,法律
监狱学,顾问
监狱学,培训
监狱学,行政
信用风险管理与法律防控,法律
信用风险管理与法律防控,顾问
国际经贸规则,法律
国际经贸规则,顾问
司法警察学,法律
司法警察学,顾问
社区矫正,法律
社区矫正,顾问
政治学与行政学,行政
政治学与行政学,顾问
国际政治,行政
国际政治,顾问
外交学,行政
外交学,顾问
国际事务与国际关系,行政
国际事务与国际关系,顾问
政治学、经济学与哲学,行政
政治学、经济学与哲学,顾问
国际组织与全球治理,行政
国际组织与全球治理,顾问
社会学,市场
社会学,顾问
社会工作,市场
社会工作,顾问
人类学,市场
人类学,顾问
女性学,市场
女性学,顾问
家政学,市场
家政学,顾问
老年学,市场
老年学,顾问
民族学,行政
科学社会主义,人事
科学社会主义,行政
中国共产党历史,人事
中国共产党历史,行政
思想政治教育,人事
思想政治教育,行政
马克思主义理论,人事
马克思主义理论,行政
治安学,行政
治安学,法律
侦查学,行政
侦查学,法律
边防管理,行政
边防管理,法律
禁毒学,行政
禁毒学,法律
警犬技术,行政
警犬技术,法律
经济犯罪侦查,行政
经济犯罪侦查,法律
边防指挥,行政
边防指挥,法律
消防指挥,行政
消防指挥,法律
警卫学,行政
警卫学,法律
公安情报学,行政
公安情报学,法律
犯罪学,行政
犯罪学,法律
公安管理学,行政
公安管理学,法律
涉外警务,行政
涉外警务,法律
国内安全保卫,行政
国内安全保卫,法律
警务指挥与战术,行政
警务指挥与战术,法律
教育学,教育
教育学,培训
科学教育,教育
科学教育,培训
人文教育,教育
人文教育,培训
教育技术学,教育
教育技术学,培训
艺术教育,教育
艺术教育,培训
学前教育,教育
学前教育,培训
小学教育,教育
小学教育,培训
特殊教育,教育
特殊教育,培训
华文教育,教育
华文教育,培训
教育康复学,教育
教育康复学,培训
卫生教育,教育
卫生教育,培训
认知科学与技术,教育
认知科学与技术,培训
体育教育,培训
运动训练,培训
社会体育指导与管理,培训
武术与民族传统体育,培训
运动人体科学,培训
运动康复,培训
休闲体育,培训
体能训练,培训
冰雪运动,培训
电子竞技运动与管理,培训
智能体育工程,培训
体育旅游,培训
汉语言文学,教育
汉语言文学,广告
汉语言文学,媒体
汉语言,教育
汉语言,广告
汉语言,媒体
汉语国际教育,教育
汉语国际教育,广告
汉语国际教育,媒体
中国少数民族语言文学,教育
中国少数民族语言文学,广告
中国少数民族语言文学,媒体
古典文献学,教育
古典文献学,广告
古典文献学,媒体
应用语言学,教育
应用语言学,广告
应用语言学,媒体
秘书学,教育
秘书学,广告
秘书学,媒体
中国语言与文化,教育
中国语言与文化,广告
中国语言与文化,媒体
英语,翻译
英语,教育
俄语,翻译
俄语,教育
德语,翻译
德语,教育
法语,翻译
法语,教育
日语,翻译
日语,教育
西班牙语,翻译
西班牙语,教育
阿拉伯语,翻译
阿拉伯语,教育
意大利语,翻译
意大利语,教育
翻译,翻译
商务英语,翻译
新闻学,广告
新闻学,媒体
广播电视学,广告
广播电视学,媒体
广告学,广告
广告学,媒体
传播学,广告
传播学,媒体
编辑出版学,广告
编辑出版学,媒体
网络与新媒体,广告
网络与新媒体,媒体
数字出版,广告
数字出版,媒体
时尚传播,广告
时尚传播,媒体
国际新闻与传播,广告
国际新闻与传播,媒体
会展,广告
会展,媒体
历史学,教育
历史学,培训
世界史,教育
世界史,培训
考古学,教育
考古学,培训
文物与博物馆学,教育
文物与博物馆学,培训
文物保护技术,教育
文物保护技术,培训
外国语言与外国历史,教育
外国语言与外国历史,培训
文化遗产,教育
文化遗产,培训
数学与应用数学,计算机
数学与应用数学,金融
数学与应用数学,教育
信息与计算科学,计算机
信息与计算科学,金融
信息与计算科学,教育
数理基础科学,计算机
数理基础科学,金融
数理基础科学,教育
数据计算及应用,计算机
数据计算及应用,金融
数据计算及应用,教育
物理学,设计
物理学,教育
应用物理学,设计
应用物理学,教育
核物理,设计
核物理,教育
声学,设计
声学,教育
系统科学与工程,设计
系统科学与工程,教育
量子信息科学,设计
量子信息科学,教育
化学,设计
化学,教育
应用化学,设计
应用化学,教育
化学生物学,设计
化学生物学,教育
分子科学与工程,设计
分子科学与工程,教育
能源化学,设计
能源化学,教育
化学测量学与技术,设计
化学测量学与技术,教育
天文学,教育
地理科学,教育
自然地理与资源环境,教育
人文地理与城乡规划,教育
地理信息科学,教育
大气科学,教育
应用气象学,教育
海洋科学,教育
海洋科学,生物
海洋技术,教育
海洋技术,生物
海洋资源与环境,教育
海洋资源与环境,生物
军事海洋学,教育
军事海洋学,生物
地球物理学,教育
空间科学与技术,教育
防灾减灾科学与工程,教育
地质学,教育
地质学,生产
地球化学,教育
地球化学,生产
地球信息科学与技术,教育
地球信息科学与技术,计算机
古生物学,教育
生物科学,生物
生物科学,教育
生物技术,生物
生物技术,教育
生物信息学,生物
生物信息学,教育
生态学,生物
生态学,教育
整合科学,生物
整合科学,教育
心理学,教育
心理学,顾问
应用心理学,教育
应用心理学,顾问
统计学,计算机
统计学,会计
统计学,金融
应用统计学,计算机
应用统计学,会计
应用统计学,金融
理论与应用力学,设计
理论与应用力学,建筑
理论与应用力学,房地产
工程力学,设计
工程力学,建筑
工程力学,房地产
机械工程,机械
机械工程,生产
机械设计制造及其自动化,电子
机械设计制造及其自动化,机械
材料成型及控制工程,机械
材料成型及控制工程,生产
机械电子工程,电子
机械电子工程,机械
工业设计,机械
工业设计,设计
车辆工程,机械
车辆工程,汽车
汽车服务工程,机械
汽车服务工程,汽车
材料科学与工程,教育
材料科学与工程,设计
材料物理,教育
材料物理,设计
材料化学,教育
材料化学,设计
冶金工程,教育
冶金工程,设计
金属材料工程,教育
金属材料工程,设计
能源与动力工程,教育
能源与动力工程,设计
能源与环境系统工程,教育
能源与环境系统工程,设计
电气工程及其自动化,电子
电气工程及其自动化,计算机
智能电网信息工程,电子
智能电网信息工程,计算机
电机电器智能化,电子
电机电器智能化,计算机
电子信息工程,计算机
电子信息工程,互联网
电子信息工程,通信
电子信息工程,电子
电子科学与技术,计算机
电子科学与技术,互联网
电子科学与技术,通信
电子科学与技术,电子
通信工程,计算机
通信工程,互联网
通信工程,通信
通信工程,电子
信息工程,计算机
信息工程,互联网
信息工程,通信
信息工程,电子
电子信息科学与技术,计算机
电子信息科学与技术,互联网
电子信息科学与技术,通信
电子信息科学与技术,电子
人工智能,计算机
人工智能,互联网
人工智能,通信
人工智能,电子
自动化,电子
自动化,计算机
机器人工程,电子
机器人工程,计算机
轨道交通信号与控制,电子
轨道交通信号与控制,计算机
计算机科学与技术,计算机
计算机科学与技术,互联网
软件工程,计算机
软件工程,互联网
网络工程,计算机
网络工程,互联网
信息安全,计算机
信息安全,互联网
物联网工程,计算机
物联网工程,互联网
数字媒体技术,计算机
数字媒体技术,互联网
智能科学与技术,计算机
智能科学与技术,互联网
空间信息与数字技术,计算机
空间信息与数字技术,互联网
电子与计算机工程,计算机
电子与计算机工程,互联网
数据科学与大数据技术,计算机
数据科学与大数据技术,互联网
网络空间安全,计算机
网络空间安全,互联网
土木工程,设计
土木工程,建筑
土木工程,房地产
建筑电气与智能化,设计
建筑电气与智能化,建筑
建筑电气与智能化,房地产
水利水电工程,设计
水利水电工程,建筑
水务工程,设计
水务工程,建筑
水文与水资源工程,设计
水文与水资源工程,建筑
化学工程与工艺,化工
化学工程与工艺,制药
化学工程与工艺,生产
制药工程,制药
地质工程,建筑
地质工程,房地产
地质工程,设计
勘查技术与工程,建筑
勘查技术与工程,房地产
勘查技术与工程,设计
纺织工程,服装
纺织工程,生产
服装设计与工程,服装
服装设计与工程,设计
非织造材料与工程,服装
非织造材料与工程,生产
交通运输,交通
交通工程,交通
航海技术,交通
轮机工程,交通
飞行技术,交通
交通设备与控制工程,交通
船舶与海洋工程,机械
生物医学工程,医疗
生物医学工程,生物
生物医学工程,制药
食品科学与工程,餐饮
食品质量与安全,餐饮
粮食工程,餐饮
建筑学,建筑
建筑学,设计
风景园林,建筑
风景园林,设计
城市设计,建筑
城市设计,设计
人居环境科学与技术,建筑
人居环境科学与技术,设计
安全工程,顾问
生物工程,生物
生物工程,制药
?生物制药,生物
?生物制药,制药
基础医学,医疗
生物医学,医疗
生物医学,生物
生物医学科学,医疗
生物医学科学,生物
临床医学,医疗
麻醉学,医疗
医学影像学,医疗
眼视光医学,医疗
精神医学,医疗
放射医学,医疗
口腔医学,医疗
儿科学,医疗
预防医学,医疗
中医学,医疗
针灸推拿学,医疗
药学,制药
药物制剂,制药
临床药学,制药
药事管理,制药
药物分析,制药
药物化学,制药
医学检验技术,医疗
医学实验技术,医疗
医学影像技术,医疗
眼视光学,医疗
口腔医学技术,医疗
管理科学,顾问
管理科学,采购
管理科学,运营
信息管理与信息系统,顾问
信息管理与信息系统,采购
信息管理与信息系统,运营
工程管理,顾问
工程管理,采购
工程管理,运营
工商管理,银行
工商管理,金融
工商管理,市场
市场营销,银行
市场营销,金融
市场营销,市场
会计学,会计
财务管理,会计
国际商务,市场
国际商务,银行
国际商务,金融
公共事业管理,行政
行政管理,行政
劳动与社会保障,行政
物流管理,采购
物流管理,物流
物流工程,采购
物流工程,物流
采购管理,采购
采购管理,物流
供应链管理,采购
供应链管理,物流